station_id,station_name,station_latitude,station_longitude
213,Stop 1,29.99509712,31.4459768
214,Stop 2,30.01288023,31.43102269
215,Stop 3,30.01642345,31.43356512
216,Stop 4,30.01637555,31.39839364
217,Stop 5,30.0409879,31.34613896
218,Stop 6,30.04505095,31.34143553
219,Stop 7,30.05408947,31.3421715
220,Stop 8,30.06198228,31.34523262
221,Stop 9,30.07322503,31.34378507
222,Stop 10,30.08201257,31.34388217
